Day,DD,MMM,YYYY,   Sales  ,   %Chg
Tue,28,Feb,2023,   5842047,  -90.3
Fri,24,Feb,2023,  60482734,  +30.2
Tue,21,Feb,2023,  46454399,  -12.4
Fri,17,Feb,2023,  53000419,  +32.4
Tue,14,Feb,2023,  40015726,  -21.8
Fri,10,Feb,2023,  51199967,  +37.2
Tue, 7,Feb,2023,  37307989,  -61.3
Fri, 3,Feb,2023,  96337536,  +92.9
Tue,31,Jan,2023,  49948183,   -0.5
Fri,27,Jan,2023,  50182381,   +5.5
Tue,24,Jan,2023,  47550904,  -41.2
Fri,20,Jan,2023,  80906604, +143.2
Tue,17,Jan,2023,  33268559,  -46.2
Fri,13,Jan,2023,  61888717,  +55.4
Tue,10,Jan,2023,  39834624,  -13.8
Fri, 6,Jan,2023,  46188548,  +31.1
Tue, 3,Jan,2023,  35222536,  -26.8
Fri,30,Dec,2022,  48132454,  +36.4
Tue,27,Dec,2022,  35275621,  -28.3
Fri,23,Dec,2022,  49213360,  +28.1
Tue,20,Dec,2022,  38410220,  -46.0
Fri,16,Dec,2022,  71070612, +105.6
Tue,13,Dec,2022,  34559536,  -23.7
Fri, 9,Dec,2022,  45308244,  -14.5
Tue, 6,Dec,2022,  53001199,  -31.4
Fri, 2,Dec,2022,  77211065,  +89.5
Tue,29,Nov,2022,  40734315,  -20.1
Fri,25,Nov,2022,  50974473,  +37.0
Tue,22,Nov,2022,  37209003,  -24.2
Fri,18,Nov,2022,  49096725,  +36.0
Tue,15,Nov,2022,  36096364,  -22.3
Fri,11,Nov,2022,  46457000,  +33.2
Tue, 8,Nov,2022,  34879317,  -54.6
Fri, 4,Nov,2022,  76872227,  +57.1
Tue, 1,Nov,2022,  48930166,  -21.5
Fri,28,Oct,2022,  62359818,  +30.8
Tue,25,Oct,2022,  47662458,  -16.8
Fri,21,Oct,2022,  57294952,  +38.2
Tue,18,Oct,2022,  41449457,  -20.8
Fri,14,Oct,2022,  52346449,  +30.7
Tue,11,Oct,2022,  40061223,  -21.7
Fri, 7,Oct,2022,  51161799,  +38.0
Tue, 4,Oct,2022,  37076600,  -23.4
Fri,30,Sep,2022,  48415006,  +37.2
Tue,27,Sep,2022,  35275315,  -55.3
Fri,23,Sep,2022,  78906024,  +36.9
Tue,20,Sep,2022,  57658575,  -19.8
Fri,16,Sep,2022,  71923541,  +30.2
Tue,13,Sep,2022,  55253118,  -27.9
Fri, 9,Sep,2022,  76686521, +117.3
Tue, 6,Sep,2022,  35286960,  -44.9
Fri, 2,Sep,2022,  64088130,  +38.5
Tue,30,Aug,2022,  46289303,  -17.5
Fri,26,Aug,2022,  56078960,  +40.2
Tue,23,Aug,2022,  39988029,  -19.3
Fri,19,Aug,2022,  49534070,  +38.8
Tue,16,Aug,2022,  35699940,  -25.1
Fri,12,Aug,2022,  47644521,  +34.0
Tue, 9,Aug,2022,  35560405,  -21.1
Fri, 5,Aug,2022,  45095574,  +36.9
Tue, 2,Aug,2022,  32949421,  -31.1
Fri,29,Jul,2022,  47854774,  +35.6
Tue,26,Jul,2022,  35300045,  -34.0
Fri,22,Jul,2022,  53471395,  -36.5
Tue,19,Jul,2022,  84182084,  -16.3
Fri,15,Jul,2022, 100590425,  +16.3
Tue,12,Jul,2022,  86488148,  -17.8
Fri, 8,Jul,2022, 105277236,  +35.8
Tue, 5,Jul,2022,  77518479,   -7.8
Fri, 1,Jul,2022,  84113724,  +37.4
Tue,28,Jun,2022,  61239169,  -14.1
Fri,24,Jun,2022,  71261082,  +27.4
Tue,21,Jun,2022,  55929103,  -27.2
Fri,17,Jun,2022,  76812915, +135.3
Tue,14,Jun,2022,  32649376,  -31.5
Fri,10,Jun,2022,  47657536,  +36.8
Tue, 7,Jun,2022,  34835640,  -23.9
Fri, 3,Jun,2022,  45759506,  +36.1
Tue,31,May,2022,  33621948,  -19.5
Fri,27,May,2022,  41771365,  +18.2
Tue,24,May,2022,  35332487,  -22.7
Fri,20,May,2022,  45726642,  +37.2
Tue,17,May,2022,  33325634,  -36.1
Fri,13,May,2022,  52166774,  -37.1
Tue,10,May,2022,  82986152,   -4.8
Fri, 6,May,2022,  87216026,  +41.4
Tue, 3,May,2022,  61680644,  -21.6
Fri,29,Apr,2022,  78693167,  +44.0
Tue,26,Apr,2022,  54630868,  -13.3
Fri,22,Apr,2022,  63010913,  +52.6
Tue,19,Apr,2022,  41294753,  -16.7
Fri,15,Apr,2022,  49594146,  +30.2
Tue,12,Apr,2022,  38096498,  -21.2
Fri, 8,Apr,2022,  48362406,  +36.5
Tue, 5,Apr,2022,  35424780,  -25.1
Fri, 1,Apr,2022,  47300020,  +43.9
Tue,29,Mar,2022,  32876216,  -27.6
Fri,25,Mar,2022,  45380909,  +53.4
Tue,22,Mar,2022,  29579082,  -35.3
Fri,18,Mar,2022,  45694013,  +37.0
Tue,15,Mar,2022,  33349473,  -24.1
Fri,11,Mar,2022,  43913124,  +40.6
Tue, 8,Mar,2022,  31222615,  -37.5
Fri, 4,Mar,2022,  49935505,  +38.6
Tue, 1,Mar,2022,  36032387,  -24.3
Fri,25,Feb,2022,  47585427,  +34.7
Tue,22,Feb,2022,  35327348,  -20.9
Fri,18,Feb,2022,  44645976,  +39.5
Tue,15,Feb,2022,  32006451,  -31.4
Fri,11,Feb,2022,  46664630,  +39.7
Tue, 8,Feb,2022,  33410525,  -62.1
Fri, 4,Feb,2022,  88185988, +128.7
Tue, 1,Feb,2022,  38551849,  -21.6
Fri,28,Jan,2022,  49156987,  +40.6
Tue,25,Jan,2022,  34962704,  -60.0
Fri,21,Jan,2022,  87431750, +125.2
Tue,18,Jan,2022,  38828235,  -20.4
Fri,14,Jan,2022,  48782829,  +35.7
Tue,11,Jan,2022,  35945578,  -20.0
Fri, 7,Jan,2022,  44939487,  +41.5
Tue, 4,Jan,2022,  31748782,  -46.3
Fri,31,Dec,2021,  59153040,  +47.9
Tue,28,Dec,2021,  39991136,  -29.5
Fri,24,Dec,2021,  56724685,  +47.8
Tue,21,Dec,2021,  38383469,  -19.9
Fri,17,Dec,2021,  47934841,  +36.6
Tue,14,Dec,2021,  35093427,  -23.7
Fri,10,Dec,2021,  45999099,  -15.8
Tue, 7,Dec,2021,  54610587,  -29.6
Fri, 3,Dec,2021,  77588970, +126.7
Tue,30,Nov,2021,  34231891,  -50.8
Fri,26,Nov,2021,  69569805,  +35.8
Tue,23,Nov,2021,  51220997,  -19.4
Fri,19,Nov,2021,  63574548,  +36.4
Tue,16,Nov,2021,  46618334,  -19.4
Fri,12,Nov,2021,  57826254,  +35.5
Tue, 9,Nov,2021,  42668561,  -19.6
Fri, 5,Nov,2021,  53049516,  +41.9
Tue, 2,Nov,2021,  37388851,  -25.8
Fri,29,Oct,2021,  50412874,  +43.0
Tue,26,Oct,2021,  35261874,  -24.4
Fri,22,Oct,2021,  46626206,  +32.9
Tue,19,Oct,2021,  35072474,  -71.2
Fri,15,Oct,2021, 121978668,  +19.2
Tue,12,Oct,2021, 102320683,   +4.5
Fri, 8,Oct,2021,  97899225,  +45.1
Tue, 5,Oct,2021,  67448037,  -15.7
Fri, 1,Oct,2021,  79999597,  +34.1
Tue,28,Sep,2021,  59676890,  -29.9
Fri,24,Sep,2021,  85172376, +135.5
Tue,21,Sep,2021,  36164825,  -20.7
Fri,17,Sep,2021,  45587720,  +40.9
Tue,14,Sep,2021,  32354004,  -22.3
Fri,10,Sep,2021,  41660009,  +26.5
Tue, 7,Sep,2021,  32921164,  -24.0
Fri, 3,Sep,2021,  43337321,  +19.4
Tue,31,Aug,2021,  36294862,  -22.5
Fri,27,Aug,2021,  46831239,  +39.2
Tue,24,Aug,2021,  33653798,  -22.2
Fri,20,Aug,2021,  43282590,  +38.5
Tue,17,Aug,2021,  31261413,  -56.8
Fri,13,Aug,2021,  72351374,  +72.0
Tue,10,Aug,2021,  42058816,  -18.3
Fri, 6,Aug,2021,  51494465,  +35.8
Tue, 3,Aug,2021,  37913613,  -20.4
Fri,30,Jul,2021,  47636056,  +39.5
Tue,27,Jul,2021,  34148988,  -21.0
Fri,23,Jul,2021,  43232667,  +35.6
Tue,20,Jul,2021,  31881790,  -21.7
Fri,16,Jul,2021,  40724358,  +25.8
Tue,13,Jul,2021,  32378705,  -22.7
Fri, 9,Jul,2021,  41879095,  +31.9
Tue, 6,Jul,2021,  31742073,  -43.0
Fri, 2,Jul,2021,  55670919,  +51.9
Tue,29,Jun,2021,  36649950,  -22.6
Fri,25,Jun,2021,  47374622,  +39.3
Tue,22,Jun,2021,  34002671,  -23.9
Fri,18,Jun,2021,  44702883,  +40.1
Tue,15,Jun,2021,  31906262,  -30.6
Fri,11,Jun,2021,  45961390,  +37.4
Tue, 8,Jun,2021,  33439540,  -59.9
Fri, 4,Jun,2021,  83347781,  +99.8
Tue, 1,Jun,2021,  41721567,  -20.3
Fri,28,May,2021,  52352675,  +38.5
Tue,25,May,2021,  37802735,  -23.3
Fri,21,May,2021,  49292301,  +37.6
Tue,18,May,2021,  35811902,  -21.6
Fri,14,May,2021,  45655710,  +36.5
Tue,11,May,2021,  33455008,  -36.9
Fri, 7,May,2021,  53010444,  +41.6
Tue, 4,May,2021,  37437693,  -33.6
Fri,30,Apr,2021,  56381528,  +58.4
Tue,27,Apr,2021,  35604209,  -21.9
Fri,23,Apr,2021,  45574196,  +14.8
Tue,20,Apr,2021,  39702970,  -22.4
Fri,16,Apr,2021,  51157238,  +34.5
Tue,13,Apr,2021,  38040777,  -23.0
Fri, 9,Apr,2021,  49398941,  +45.9
Tue, 6,Apr,2021,  33862100,  -49.2
Fri, 2,Apr,2021,  66687730,  +27.2
Tue,30,Mar,2021,  52446327,  -21.1
Fri,26,Mar,2021,  66468421,  +41.7
Tue,23,Mar,2021,  46917126,  -19.1
Fri,19,Mar,2021,  58024578,  +33.8
Tue,16,Mar,2021,  43364698,  -24.0
Fri,12,Mar,2021,  57078084,  +41.7
Tue, 9,Mar,2021,  40268651,  -24.1
Fri, 5,Mar,2021,  53075319,  +34.6
Tue, 2,Mar,2021,  39426938,  -66.1
Fri,26,Feb,2021, 116336748,  +22.8
Tue,23,Feb,2021,  94705763,  -10.6
Fri,19,Feb,2021, 105979531,  +57.9
Tue,16,Feb,2021,  67122274,  -18.0
Fri,12,Feb,2021,  81829170,  +30.1
Tue, 9,Feb,2021,  62892688,  -31.2
Fri, 5,Feb,2021,  91405134, +134.9
Tue, 2,Feb,2021,  38913725,  -19.8
Fri,29,Jan,2021,  48496980,  +44.3
Tue,26,Jan,2021,  33598376,  -38.2
Fri,22,Jan,2021,  54391657,  +33.9
Tue,19,Jan,2021,  40609041,  -22.5
Fri,15,Jan,2021,  52414112,  +36.0
Tue,12,Jan,2021,  38538934,  -22.7
Fri, 8,Jan,2021,  49843959,  +36.7
Tue, 5,Jan,2021,  36461203,  -38.7
Fri, 1,Jan,2021,  59522710,  +47.1
Tue,29,Dec,2020,  40466990,  -14.3
Fri,25,Dec,2020,  47217070,   +8.2
Tue,22,Dec,2020,  43655512,  -18.3
Fri,18,Dec,2020,  53457676,  +35.6
Tue,15,Dec,2020,  39418214,  -66.2
Fri,11,Dec,2020, 116456395,  +25.9
Tue, 8,Dec,2020,  92505914,  -22.2
Fri, 4,Dec,2020, 118873045,  +74.9
Tue, 1,Dec,2020,  67973828,  -15.9
Fri,27,Nov,2020,  80865390,  +34.0
Tue,24,Nov,2020,  60342584,  -29.7
Fri,20,Nov,2020,  85872170, +105.1
Tue,17,Nov,2020,  41863533,  -31.6
Fri,13,Nov,2020,  61209836,  +60.0
Tue,10,Nov,2020,  38258640,  -20.6
Fri, 6,Nov,2020,  48158499,  +40.7
Tue, 3,Nov,2020,  34218824,  -24.0
Fri,30,Oct,2020,  45022113,   +6.8
Tue,27,Oct,2020,  42143808,  -23.0
Fri,23,Oct,2020,  54739803,  +37.4
Tue,20,Oct,2020,  39835091,  -22.3
Fri,16,Oct,2020,  51286432,  +41.0
Tue,13,Oct,2020,  36383922,  -24.6
Fri, 9,Oct,2020,  48267815,  +39.6
Tue, 6,Oct,2020,  34574977,  -30.0
Fri, 2,Oct,2020,  49409164,  +37.9
Tue,29,Sep,2020,  35835410,  -58.5
Fri,25,Sep,2020,  86447822,  +97.8
Tue,22,Sep,2020,  43696660,  -25.2
Fri,18,Sep,2020,  58401569,  +46.5
Tue,15,Sep,2020,  39856411,  -20.3
Fri,11,Sep,2020,  49996793,  +37.3
Tue, 8,Sep,2020,  36419591,  -24.7
Fri, 4,Sep,2020,  48344680,  -23.3
Tue, 1,Sep,2020,  63044558,  -14.1
Fri,28,Aug,2020,  73403006,  +30.0
Tue,25,Aug,2020,  56454912,  -12.9
Fri,21,Aug,2020,  64848739,  +42.6
Tue,18,Aug,2020,  45465808,  -16.7
Fri,14,Aug,2020,  54593653,  +35.0
Tue,11,Aug,2020,  40431112,  -25.1
Fri, 7,Aug,2020,  54001868,  +47.1
Tue, 4,Aug,2020,  36714653,  -19.7
Fri,31,Jul,2020,  45716265,  +36.2
Tue,28,Jul,2020,  33568299,  -22.2
Fri,24,Jul,2020,  43124042,  +16.6
Tue,21,Jul,2020,  36989290,  -21.3
Fri,17,Jul,2020,  47026637,  +37.1
Tue,14,Jul,2020,  34296353,  -25.7
Fri,10,Jul,2020,  46189476,  -25.9
Tue, 7,Jul,2020,  62310354,  -28.6
Fri, 3,Jul,2020,  87319586, +122.3
Tue,30,Jun,2020,  39280847,  -17.3
Fri,26,Jun,2020,  47494495,  +40.3
Tue,23,Jun,2020,  33852395,  -22.6
Fri,19,Jun,2020,  43725874,  +39.0
Tue,16,Jun,2020,  31462558,  -32.3
Fri,12,Jun,2020,  46476450,  +36.8
Tue, 9,Jun,2020,  33983732,  -21.5
Fri, 5,Jun,2020,  43308157,  +45.0
Tue, 2,Jun,2020,  29876708,  -25.7
Fri,29,May,2020,  40197372,  +26.9
Tue,26,May,2020,  31680558,  -21.6
Fri,22,May,2020,  40429626,  +36.3
Tue,19,May,2020,  29666277,  -23.4
Fri,15,May,2020,  38737585,  +34.4
Tue,12,May,2020,  28828629,  -15.3
Fri, 8,May,2020,  34035628,  +27.7
Tue, 5,May,2020,  26642797,  -14.9
Fri, 1,May,2020,  31312678,  +32.0
Tue,28,Apr,2020,  23724858,  -20.2
Fri,24,Apr,2020,  29742790,  +34.8
Tue,21,Apr,2020,  22057948,  -33.4
Fri,17,Apr,2020,  33108174,  +38.9
Tue,14,Apr,2020,  23843223,  -25.4
Fri,10,Apr,2020,  31950906,  +35.7
Tue, 7,Apr,2020,  23545017,  -20.3
Fri, 3,Apr,2020,  29528525,  +37.0
Tue,31,Mar,2020,  21554075,  -21.8
Fri,27,Mar,2020,  27562926,  +36.8
Tue,24,Mar,2020,  20144991,  -30.7
Fri,20,Mar,2020,  29068637,   +3.1
Tue,17,Mar,2020,  28205637,  -48.8
Fri,13,Mar,2020,  55122408,  +54.7
Tue,10,Mar,2020,  35627204,  -23.5
Fri, 6,Mar,2020,  46587745,  +38.9
Tue, 3,Mar,2020,  33545007,  -35.8
Fri,28,Feb,2020,  52218710,  +43.6
Tue,25,Feb,2020,  36374446,  -22.7
Fri,21,Feb,2020,  47072577,  +41.1
Tue,18,Feb,2020,  33370850,  -28.6
Fri,14,Feb,2020,  46707795,  +36.9
Tue,11,Feb,2020,  34105948,  -59.9
Fri, 7,Feb,2020,  84963240, +110.2
Tue, 4,Feb,2020,  40428855,  -13.0
Fri,31,Jan,2020,  46472000,  +42.3
Tue,28,Jan,2020,  32664440,  -27.9
Fri,24,Jan,2020,  45332644,  +36.9
Tue,21,Jan,2020,  33102563,  -45.1
Fri,17,Jan,2020,  60345929,  +34.5
Tue,14,Jan,2020,  44857301,  -19.3
Fri,10,Jan,2020,  55609407,  +36.6
Tue, 7,Jan,2020,  40700715,  -16.1
Fri, 3,Jan,2020,  48537347,  -11.9
Tue,31,Dec,2019,  55123084,  +24.3
Fri,27,Dec,2019,  44361347,   +6.8
Tue,24,Dec,2019,  41555354,   -7.5
Fri,20,Dec,2019,  44930225,  +19.6
Tue,17,Dec,2019,  37552202,  -28.6
Fri,13,Dec,2019,  52561367,  +53.3
Tue,10,Dec,2019,  34291618,  -22.8
Fri, 6,Dec,2019,  44408647,  +16.5
Tue, 3,Dec,2019,  38118526,  -22.9
Fri,29,Nov,2019,  49409898,  +40.1
Tue,26,Nov,2019,  35272010,  -23.7
Fri,22,Nov,2019,  46231964,   -9.9
Tue,19,Nov,2019,  51311766,  -18.2
Fri,15,Nov,2019,  62710338,  +32.9
Tue,12,Nov,2019,  47182640,  -28.3
Fri, 8,Nov,2019,  65762823,  +51.5
Tue, 5,Nov,2019,  43410100,  -17.2
Fri, 1,Nov,2019,  52437374,  +26.0
Tue,29,Oct,2019,  41603277,  -21.0
Fri,25,Oct,2019,  52645641,  +36.3
Tue,22,Oct,2019,  38623680,  -22.7
Fri,18,Oct,2019,  49955313,  +33.5
Tue,15,Oct,2019,  37430522,  -27.6
Fri,11,Oct,2019,  51683307,  -57.3
Tue, 8,Oct,2019, 121055770,   +4.4
Fri, 4,Oct,2019, 115938989,  +26.2
Tue, 1,Oct,2019,  91887661,  -14.9
Fri,27,Sep,2019, 108020002,  +22.7
Tue,24,Sep,2019,  88057550,   -7.0
Fri,20,Sep,2019,  94688223,  +30.0
Tue,17,Sep,2019,  72822188,  -22.0
Fri,13,Sep,2019,  93317535,  +42.4
Tue,10,Sep,2019,  65545450,  -16.5
Fri, 6,Sep,2019,  78475582,  +29.7
Tue, 3,Sep,2019,  60504067,  -15.9
Fri,30,Aug,2019,  71956813,  +41.6
Tue,27,Aug,2019,  50807465,  -21.0
Fri,23,Aug,2019,  64349624,  +40.7
Tue,20,Aug,2019,  45721550,  -16.1
Fri,16,Aug,2019,  54490631,  +25.2
Tue,13,Aug,2019,  43534870,  -20.6
Fri, 9,Aug,2019,  54797290,  +38.0
Tue, 6,Aug,2019,  39721124,  -20.1
Fri, 2,Aug,2019,  49699420,  +37.6
Tue,30,Jul,2019,  36125595,  -20.0
Fri,26,Jul,2019,  45137081,  +39.0
Tue,23,Jul,2019,  32473241,  -52.0
Fri,19,Jul,2019,  67626361,  +43.3
Tue,16,Jul,2019,  47199779,  -18.6
Fri,12,Jul,2019,  57989379,  +33.5
Tue, 9,Jul,2019,  43437437,  -19.4
Fri, 5,Jul,2019,  53862747,  +35.4
Tue, 2,Jul,2019,  39792481,  -21.7
Fri,28,Jun,2019,  50819062,  +42.3
Tue,25,Jun,2019,  35705734,  -24.1
Fri,21,Jun,2019,  47062543,  +37.1
Tue,18,Jun,2019,  34315303,  -27.2
Fri,14,Jun,2019,  47118936,  -18.0
Tue,11,Jun,2019,  57466722,   N/A 
Fri, 7,Jun,2019,   N/A    ,   N/A 
Tue, 4,Jun,2019,  34401192,  -20.1
Fri,31,May,2019,  43030146,  +17.6
Tue,28,May,2019,  36592774,  -24.0
Fri,24,May,2019,  48169397,  +39.0
Tue,21,May,2019,  34643176,  -23.4
Fri,17,May,2019,  45231571,  +41.3
Tue,14,May,2019,  32011673,  -24.2
Fri,10,May,2019,  42252548,  +32.8
Tue, 7,May,2019,  31826643,  -23.0
Fri, 3,May,2019,  41330066,  +24.5
Tue,30,Apr,2019,  33203867,  -21.8
Fri,26,Apr,2019,  42482820,  +31.6
Tue,23,Apr,2019,  32285053,  -25.7
Fri,19,Apr,2019,  43447463,  +31.1
Tue,16,Apr,2019,  33150425,  -25.9
Fri,12,Apr,2019,  44748460,  +11.0
Tue, 9,Apr,2019,  40306428,  -24.3
Fri, 5,Apr,2019,  53229248,  +40.4
Tue, 2,Apr,2019,  37908724,  -23.6
Fri,29,Mar,2019,  49626148,  +43.3
Tue,26,Mar,2019,  34638380,  -25.4
Fri,22,Mar,2019,  46437111,  +42.1
Tue,19,Mar,2019,  32677246,  -42.9
Fri,15,Mar,2019,  57181518,  +36.8
Tue,12,Mar,2019,  41790534,  -22.8
Fri, 8,Mar,2019,  54141239,  +41.0
Tue, 5,Mar,2019,  38409292,  -35.3
Fri, 1,Mar,2019,  59350402,  +67.9
Tue,26,Feb,2019,  35353393,  -26.8
Fri,22,Feb,2019,  48328468,  -30.8
Tue,19,Feb,2019,  69808192,  -17.3
Fri,15,Feb,2019,  84421104,  +29.3
Tue,12,Feb,2019,  65265795,  -18.5
Fri, 8,Feb,2019,  80067102,  +32.4
Tue, 5,Feb,2019,  60490007,  -33.0
Fri, 1,Feb,2019,  90229315, +103.0
Tue,29,Jan,2019,  44439491,  -18.8
Fri,25,Jan,2019,  54734143,  +34.9
Tue,22,Jan,2019,  40573396,  -22.7
Fri,18,Jan,2019,  52513994,  +35.9
Tue,15,Jan,2019,  38638633,  -23.6
Fri,11,Jan,2019,  50551687,  +37.4
Tue, 8,Jan,2019,  36789053,  -21.7
Fri, 4,Jan,2019,  46965341,  -23.0
Tue, 1,Jan,2019,  60973811,  -13.7
Fri,28,Dec,2018,  70661760,  +42.9
Tue,25,Dec,2018,  49458686,  -26.1
Fri,21,Dec,2018,  66894664,  +46.7
Tue,18,Dec,2018,  45600427,  -19.0
Fri,14,Dec,2018,  56320463,  +36.4
Tue,11,Dec,2018,  41296163,  -22.4
Fri, 7,Dec,2018,  53233299,  +40.1
Tue, 4,Dec,2018,  37990618,  -25.0
Fri,30,Nov,2018,  50639003,  +45.7
Tue,27,Nov,2018,  34748817,  -23.5
Fri,23,Nov,2018,  45423541,  +42.5
Tue,20,Nov,2018,  31886384,  -36.8
Fri,16,Nov,2018,  50414651,  +43.3
Tue,13,Nov,2018,  35171614,  -29.9
Fri, 9,Nov,2018,  50158643,  +44.5
Tue, 6,Nov,2018,  34717660,  -36.7
Fri, 2,Nov,2018,  54827951,  +30.0
Tue,30,Oct,2018,  42188421,  -22.9
Fri,26,Oct,2018,  54723268,  +40.8
Tue,23,Oct,2018,  38854088,  -22.6
Fri,19,Oct,2018,  50178923,  +42.9
Tue,16,Oct,2018,  35106041,  -25.1
Fri,12,Oct,2018,  46861345,  +39.7
Tue, 9,Oct,2018,  33554997,  -31.2
Fri, 5,Oct,2018,  48737388,  -29.8
Tue, 2,Oct,2018,  69428313,  -16.6
Fri,28,Sep,2018,  83225872,  +35.6
Tue,25,Sep,2018,  61354156,  -35.3
Fri,21,Sep,2018,  94898866, +157.4
Tue,18,Sep,2018,  36870375,  -23.4
Fri,14,Sep,2018,  48142570,  +43.8
Tue,11,Sep,2018,  33481699,  -25.5
Fri, 7,Sep,2018,  44960753,  +20.9
Tue, 4,Sep,2018,  37201270,  -22.0
Fri,31,Aug,2018,  47700964,  +41.1
Tue,28,Aug,2018,  33806711,  -26.5
Fri,24,Aug,2018,  45985640,  -12.9
Tue,21,Aug,2018,  52806778,  -12.9
Fri,17,Aug,2018,  60638519,  +31.8
Tue,14,Aug,2018,  46014421,  -16.9
Fri,10,Aug,2018,  55372392,  +36.4
Tue, 7,Aug,2018,  40605496,  -21.8
Fri, 3,Aug,2018,  51928725,  +37.6
Tue,31,Jul,2018,  37736184,  -21.3
Fri,27,Jul,2018,  47960699,  +44.1
Tue,24,Jul,2018,  33278241,  -26.3
Fri,20,Jul,2018,  45147670,  +44.7
Tue,17,Jul,2018,  31195213,  -44.1
Fri,13,Jul,2018,  55763055,  +46.5
Tue,10,Jul,2018,  38076355,  -22.8
Fri, 6,Jul,2018,  49316109,  +42.5
Tue, 3,Jul,2018,  34597435,  -23.9
Fri,29,Jun,2018,  45487133,  +45.6
Tue,26,Jun,2018,  31244183,  -26.1
Fri,22,Jun,2018,  42254955,  +28.3
Tue,19,Jun,2018,  32932697,  -26.6
Fri,15,Jun,2018,  44849669,  +41.0
Tue,12,Jun,2018,  31799224,  -31.3
Fri, 8,Jun,2018,  46289749,  +44.7
Tue, 5,Jun,2018,  31989495,  -43.7
Fri, 1,Jun,2018,  56867232,  +56.7
Tue,29,May,2018,  36294949,  -27.1
Fri,25,May,2018,  49788887,  +49.3
Tue,22,May,2018,  33356636,  -28.4
Fri,18,May,2018,  46596523,  +40.8
Tue,15,May,2018,  33093736,  -25.9
Fri,11,May,2018,  44639668,  +27.6
Tue, 8,May,2018,  34993771,  -30.0
Fri, 4,May,2018,  49998889,  +58.5
Tue, 1,May,2018,  31550321,  -34.3
Fri,27,Apr,2018,  48050999,  -15.0
Tue,24,Apr,2018,  56519901,  -35.0
Fri,20,Apr,2018,  87011065, +148.6
Tue,17,Apr,2018,  34994084,  -41.6
Fri,13,Apr,2018,  59903706,  +82.5
Tue,10,Apr,2018,  32820289,  -39.5
Fri, 6,Apr,2018,  54278924,  +48.8
Tue, 3,Apr,2018,  36484727,  -27.5
Fri,30,Mar,2018,  50354219,  +39.8
Tue,27,Mar,2018,  36012598,  -26.1
Fri,23,Mar,2018,  48699208,  +42.5
Tue,20,Mar,2018,  34183462,  -28.7
Fri,16,Mar,2018,  47945015,  +16.6
Tue,13,Mar,2018,  41132504,  -23.5
Fri, 9,Mar,2018,  53794208,  +39.8
Tue, 6,Mar,2018,  38486526,  -23.6
Fri, 2,Mar,2018,  50393853,  +39.8
Tue,27,Feb,2018,  36039929,  -66.5
Fri,23,Feb,2018, 107672589,  +56.0
Tue,20,Feb,2018,  69032238,  -13.3
Fri,16,Feb,2018,  79640508,  +32.2
Tue,13,Feb,2018,  60242902,  -21.5
Fri, 9,Feb,2018,  76765800,  +31.8
Tue, 6,Feb,2018,  58246284,  -15.1
Fri, 2,Feb,2018,  68582951,  +46.1
Tue,30,Jan,2018,  46951741,  -21.8
Fri,26,Jan,2018,  60010714,  +37.0
Tue,23,Jan,2018,  43817393,  -22.8
Fri,19,Jan,2018,  56767035,  +37.7
Tue,16,Jan,2018,  41235007,  -24.1
Fri,12,Jan,2018,  54314232,  +47.3
Tue, 9,Jan,2018,  36872150,  -24.7
Fri, 5,Jan,2018,  48995782,  +52.8
Tue, 2,Jan,2018,  32063846,  -45.1
Fri,29,Dec,2017,  58400002,  +84.1
Tue,26,Dec,2017,  31730200,  -39.9
Fri,22,Dec,2017,  52767727,   -9.8
Tue,19,Dec,2017,  58502723,  -18.5
Fri,15,Dec,2017,  71777263,  +33.1
Tue,12,Dec,2017,  53927592,  -15.5
Fri, 8,Dec,2017,  63802103,  +32.9
Tue, 5,Dec,2017,  48012341,  -19.2
Fri, 1,Dec,2017,  59454221,  +40.0
Tue,28,Nov,2017,  42477656,  -23.9
Fri,24,Nov,2017,  55852301,  +44.3
Tue,21,Nov,2017,  38699238,  -28.9
Fri,17,Nov,2017,  54424586,  +51.1
Tue,14,Nov,2017,  36019661,  -31.3
Fri,10,Nov,2017,  52423351,  +48.8
Tue, 7,Nov,2017,  35221957,  -26.8
Fri, 3,Nov,2017,  48106379,  +40.3
Tue,31,Oct,2017,  34278913,  -28.3
Fri,27,Oct,2017,  47807162,  +18.0
Tue,24,Oct,2017,  40519016,  -26.1
Fri,20,Oct,2017,  54816456,  +43.2
Tue,17,Oct,2017,  38276455,  -42.4
Fri,13,Oct,2017,  66495762,  +74.3
Tue,10,Oct,2017,  38139517,  -68.2
Fri, 6,Oct,2017, 120003558,  +22.5
Tue, 3,Oct,2017,  97979161,   -2.2
Fri,29,Sep,2017, 100144727,  +41.1
Tue,26,Sep,2017,  70998122,  -17.6
Fri,22,Sep,2017,  86188913,  +37.5
Tue,19,Sep,2017,  62697585,  -33.9
Fri,15,Sep,2017,  94883433, +154.9
Tue,12,Sep,2017,  37221319,  -23.4
Fri, 8,Sep,2017,  48571184,  +46.8
Tue, 5,Sep,2017,  33089651,  -30.9
Fri, 1,Sep,2017,  47871823,  +46.6
Tue,29,Aug,2017,  32659440,  -29.7
Fri,25,Aug,2017,  46483129,  +28.5
Tue,22,Aug,2017,  36185729,  -24.7
Fri,18,Aug,2017,  48038279,  +57.1
Tue,15,Aug,2017,  30577404,  -33.1
Fri,11,Aug,2017,  45714168,  +31.2
Tue, 8,Aug,2017,  34844789,  -26.0
Fri, 4,Aug,2017,  47058676,  +45.6
Tue, 1,Aug,2017,  32329830,  -38.3
Fri,28,Jul,2017,  52386348,  +46.4
Tue,25,Jul,2017,  35780356,  -25.0
Fri,21,Jul,2017,  47706993,  +43.4
Tue,18,Jul,2017,  33279015,  -25.3
Fri,14,Jul,2017,  44558018,  +33.4
Tue,11,Jul,2017,  33406521,  -32.0
Fri, 7,Jul,2017,  49105625,  +45.2
Tue, 4,Jul,2017,  33812645,  -59.3
Fri,30,Jun,2017,  83170005,  +96.9
Tue,27,Jun,2017,  42245303,  -21.0
Fri,23,Jun,2017,  53487663,  +41.8
Tue,20,Jun,2017,  37716154,  -24.4
Fri,16,Jun,2017,  49857736,  +37.3
Tue,13,Jun,2017,  36307641,  -26.9
Fri, 9,Jun,2017,  49659572,  +44.7
Tue, 6,Jun,2017,  34324989,  -62.0
Fri, 2,Jun,2017,  90277070,  +40.9
Tue,30,May,2017,  64064166,  -15.2
Fri,26,May,2017,  75577708,  +29.3
Tue,23,May,2017,  58448280,  -17.0
Fri,19,May,2017,  70441660,  +45.1
Tue,16,May,2017,  48559511,  -18.1
Fri,12,May,2017,  59292902,  +44.3
Tue, 9,May,2017,  41102401,  -22.7
Fri, 5,May,2017,  53198136,  +57.1
Tue, 2,May,2017,  33867144,  -31.8
Fri,28,Apr,2017,  49665963,  +46.6
Tue,25,Apr,2017,  33879345,  -23.2
Fri,21,Apr,2017,  44118297,  +48.8
Tue,18,Apr,2017,  29646765,  -29.4
Fri,14,Apr,2017,  41990323,   -1.1
Tue,11,Apr,2017,  42469068,  -20.8
Fri, 7,Apr,2017,  53602954,  +38.1
Tue, 4,Apr,2017,  38815303,  -23.3
Fri,31,Mar,2017,  50603404,  +43.8
Tue,28,Mar,2017,  35189120,  -25.0
Fri,24,Mar,2017,  46913486,  +43.1
Tue,21,Mar,2017,  32774493,  -28.1
Fri,17,Mar,2017,  45567415,   +5.2
Tue,14,Mar,2017,  43308809,  -23.9
Fri,10,Mar,2017,  56928407,  +45.4
Tue, 7,Mar,2017,  39160784,  -23.4
Fri, 3,Mar,2017,  51114788,  +51.3
Tue,28,Feb,2017,  33789459,  -27.2
Fri,24,Feb,2017,  46402645,  +48.5
Tue,21,Feb,2017,  31245095,  -30.5
Fri,17,Feb,2017,  44987395,  +22.4
Tue,14,Feb,2017,  36750157,  -24.1
Fri,10,Feb,2017,  48428113,  +43.8
Tue, 7,Feb,2017,  33680421,  -30.6
Fri, 3,Feb,2017,  48525879,  +37.4
Tue,31,Jan,2017,  35320576,  -24.1
Fri,27,Jan,2017,  46536379,   +1.0
Tue,24,Jan,2017,  46062204,  -21.7
Fri,20,Jan,2017,  58848184,  +40.6
Tue,17,Jan,2017,  41857690,  -32.6
Fri,13,Jan,2017,  62072885,  +67.6
Tue,10,Jan,2017,  37038561,  -20.9
Fri, 6,Jan,2017,  46851392,  +42.1
Tue, 3,Jan,2017,  32967296,  -33.1
Fri,30,Dec,2016,  49286754,  +51.3
Tue,27,Dec,2016,  32579553,  -37.5
Fri,23,Dec,2016,  52109040,  +30.0
Tue,20,Dec,2016,  40075128,  -21.7
Fri,16,Dec,2016,  51166631,  +45.2
Tue,13,Dec,2016,  35236501,  -25.1
Fri, 9,Dec,2016,  47072026,  +48.4
Tue, 6,Dec,2016,  31716791,  -34.1
Fri, 2,Dec,2016,  48104772,  +47.3
Tue,29,Nov,2016,  32666670,  -39.8
Fri,25,Nov,2016,  54255100,  +48.5
Tue,22,Nov,2016,  36532667,  -26.4
Fri,18,Nov,2016,  49655757,  +44.0
Tue,15,Nov,2016,  34475620,  -26.8
Fri,11,Nov,2016,  47127288,  +23.5
Tue, 8,Nov,2016,  38172573,  -29.4
Fri, 4,Nov,2016,  54032937,  +60.2
Tue, 1,Nov,2016,  33719838,  -53.5
Fri,28,Oct,2016,  72535638,  +71.3
Tue,25,Oct,2016,  42350471,  -23.4
Fri,21,Oct,2016,  55309888,  +41.4
Tue,18,Oct,2016,  39106662,  -33.7
Fri,14,Oct,2016,  59017984,  -30.4
Tue,11,Oct,2016,  84831239,  -13.7
Fri, 7,Oct,2016,  98334429,  +39.6
Tue, 4,Oct,2016,  70457205,  -33.9
Fri,30,Sep,2016, 106633158, +177.4
Tue,27,Sep,2016,  38443084,  -19.9
Fri,23,Sep,2016,  47969093,  +50.0
Tue,20,Sep,2016,  31976819,  -36.2
Fri,16,Sep,2016,  50147072,  +45.5
Tue,13,Sep,2016,  34466938,  -26.9
Fri, 9,Sep,2016,  47137286,  +50.9
Tue, 6,Sep,2016,  31243478,  -35.0
Fri, 2,Sep,2016,  48087192,  +43.9
Tue,30,Aug,2016,  33428329,  -28.3
Fri,26,Aug,2016,  46639506,  +48.0
Tue,23,Aug,2016,  31507971,  -38.5
Fri,19,Aug,2016,  51233555,  +50.3
Tue,16,Aug,2016,  34078798,  -30.2
Fri,12,Aug,2016,  48829716,  +43.8
Tue, 9,Aug,2016,  33953177,  -26.7
Fri, 5,Aug,2016,  46339344,  +48.6
Tue, 2,Aug,2016,  31184945,  -44.5
Fri,29,Jul,2016,  56172149,  +49.9
Tue,26,Jul,2016,  37476006,  -22.8
Fri,22,Jul,2016,  48567757,  +43.0
Tue,19,Jul,2016,  33958961,  -26.9
Fri,15,Jul,2016,  46479906,  +41.4
Tue,12,Jul,2016,  32882236,  -29.4
Fri, 8,Jul,2016,  46572065,  +47.3
Tue, 5,Jul,2016,  31623428,  -31.9
Fri, 1,Jul,2016,  46419979,  +51.3
Tue,28,Jun,2016,  30683046,  -35.4
Fri,24,Jun,2016,  47474740,  +53.2
Tue,21,Jun,2016,  30984973,  -29.4
Fri,17,Jun,2016,  43892233,  +42.5
Tue,14,Jun,2016,  30796667,  -48.2
Fri,10,Jun,2016,  59457841,  +45.4
Tue, 7,Jun,2016,  40882207,  -19.9
Fri, 3,Jun,2016,  51030035,  +47.2
Tue,31,May,2016,  34666778,  -26.5
Fri,27,May,2016,  47155457,  +48.8
Tue,24,May,2016,  31682960,  -29.1
Fri,20,May,2016,  44717913,  +46.8
Tue,17,May,2016,  30465453,  -40.1
Fri,13,May,2016,  50890017,  +27.1
Tue,10,May,2016,  40024266,  -20.5
Fri, 6,May,2016,  50367682,  +42.0
Tue, 3,May,2016,  35473246,  -29.1
Fri,29,Apr,2016,  50047992,  +53.5
Tue,26,Apr,2016,  32611500,  -27.5
Fri,22,Apr,2016,  45002031,  +43.0
Tue,19,Apr,2016,  31466284,  -29.2
Fri,15,Apr,2016,  44436364,  +15.1
Tue,12,Apr,2016,  38619395,  -26.2
Fri, 8,Apr,2016,  52363805,  +47.2
Tue, 5,Apr,2016,  35577792,  -26.4
Fri, 1,Apr,2016,  48320741,  +59.4
Tue,29,Mar,2016,  30309533,  -31.9
Fri,25,Mar,2016,  44507651,  +45.8
Tue,22,Mar,2016,  30517365,  -39.4
Fri,18,Mar,2016,  50397564,  +42.9
Tue,15,Mar,2016,  35264560,  -27.9
Fri,11,Mar,2016,  48894715,  +44.8
Tue, 8,Mar,2016,  33778237,  -30.9
Fri, 4,Mar,2016,  48892141,  +48.8
Tue, 1,Mar,2016,  32866255,  -31.4
Fri,26,Feb,2016,  47916904,  +42.8
Tue,23,Feb,2016,  33565083,  -27.1
Fri,19,Feb,2016,  46061515,  +46.0
Tue,16,Feb,2016,  31559400,  -35.7
Fri,12,Feb,2016,  49045830,  +46.3
Tue, 9,Feb,2016,  33534065,  -32.8
Fri, 5,Feb,2016,  49907018,  +41.0
Tue, 2,Feb,2016,  35397100,  -54.4
Fri,29,Jan,2016,  77698288,  +47.2
Tue,26,Jan,2016,  52769828,  -19.3
Fri,22,Jan,2016,  65357356,  +48.7
Tue,19,Jan,2016,  43965630,  -24.9
Fri,15,Jan,2016,  58511728,  +49.4
Tue,12,Jan,2016,  39160928,  -27.6
Fri, 8,Jan,2016,  54066838,  +51.1
Tue, 5,Jan,2016,  35784287,  -21.1
Fri, 1,Jan,2016,  45378646,  +32.1
Tue,29,Dec,2015,  34354725,  -24.9
Fri,25,Dec,2015,  45764631,  +33.7
Tue,22,Dec,2015,  34241499,  -38.4
Fri,18,Dec,2015,  55545615,  +45.9
Tue,15,Dec,2015,  38064281,  -24.8
Fri,11,Dec,2015,  50644799,  +55.6
Tue, 8,Dec,2015,  32547824,  -32.8
Fri, 4,Dec,2015,  48398685,  +49.5
Tue, 1,Dec,2015,  32381842,  -34.3
Fri,27,Nov,2015,  49288467,  +54.6
Tue,24,Nov,2015,  31881175,  -61.7
Fri,20,Nov,2015,  83210434,  +38.4
Tue,17,Nov,2015,  60125284,  -27.8
Fri,13,Nov,2015,  83291903,  +56.5
Tue,10,Nov,2015,  53222978,  -31.9
Fri, 6,Nov,2015,  78097708, +134.6
Tue, 3,Nov,2015,  33293296,  -27.5
Fri,30,Oct,2015,  45905620,  +53.6
Tue,27,Oct,2015,  29877958,  -28.9
Fri,23,Oct,2015,  41993736,  +45.6
Tue,20,Oct,2015,  28838304,  -30.1
Fri,16,Oct,2015,  41234194,  +36.2
Tue,13,Oct,2015,  30267541,  -30.4
Fri, 9,Oct,2015,  43507487,  +51.9
Tue, 6,Oct,2015,  28651269,  -36.2
Fri, 2,Oct,2015,  44887256,  +46.3
Tue,29,Sep,2015,  30675494,  -35.6
Fri,25,Sep,2015,  47613584,  +58.3
Tue,22,Sep,2015,  30079713,  -29.7
Fri,18,Sep,2015,  42791566,  +45.6
Tue,15,Sep,2015,  29386256,  -28.2
Fri,11,Sep,2015,  40903667,  +37.0
Tue, 8,Sep,2015,  29846031,  -30.4
Fri, 4,Sep,2015,  42877490,  +53.1
Tue, 1,Sep,2015,  27999714,  -34.7
Fri,28,Aug,2015,  42889368,  +44.0
Tue,25,Aug,2015,  29787363,  -26.8
Fri,21,Aug,2015,  40674801,  +52.8
Tue,18,Aug,2015,  26623883,  -37.8
Fri,14,Aug,2015,  42792508,  +47.1
Tue,11,Aug,2015,  29087318,  -27.7
Fri, 7,Aug,2015,  40230438,  +50.6
Tue, 4,Aug,2015,  26721997,  -38.9
Fri,31,Jul,2015,  43751183,  +60.9
Tue,28,Jul,2015,  27190455,  -36.8
Fri,24,Jul,2015,  43021413,  +49.5
Tue,21,Jul,2015,  28772575,  -28.2
Fri,17,Jul,2015,  40063013,  +50.0
Tue,14,Jul,2015,  26700075,  -40.1
Fri,10,Jul,2015,  44556883,  +49.7
Tue, 7,Jul,2015,  29768144,  -29.0
Fri, 3,Jul,2015,  41910462,  +50.8
Tue,30,Jun,2015,  27782881,  -39.1
Fri,26,Jun,2015,  45588142,  +61.9
Tue,23,Jun,2015,  28165090,  -36.0
Fri,19,Jun,2015,  43999806,  +45.8
Tue,16,Jun,2015,  30186705,  -60.8
Fri,12,Jun,2015,  77087931,  +38.5
Tue, 9,Jun,2015,  55662425,  -30.7
Fri, 5,Jun,2015,  80297063, +159.2
Tue, 2,Jun,2015,  30981892,  -31.0
Fri,29,May,2015,  44903627,  +55.3
Tue,26,May,2015,  28916055,  -32.7
Fri,22,May,2015,  42948995,  +47.0
Tue,19,May,2015,  29209108,  -28.7
Fri,15,May,2015,  40994056,  +26.8
Tue,12,May,2015,  32320306,  -28.2
Fri, 8,May,2015,  44996284,  +43.6
Tue, 5,May,2015,  31324137,  -24.5
Fri, 1,May,2015,  41496332,  +44.3
Tue,28,Apr,2015,  28765954,  -44.9
Fri,24,Apr,2015,  52212965,  +55.8
Tue,21,Apr,2015,  33503009,  -25.1
Fri,17,Apr,2015,  44756511,  +48.3
Tue,14,Apr,2015,  30173704,  -29.9
Fri,10,Apr,2015,  43052850,  +46.1
Tue, 7,Apr,2015,  29468058,  -32.9
Fri, 3,Apr,2015,  43899853,  +14.1
Tue,31,Mar,2015,  38487028,  -30.9
Fri,27,Mar,2015,  55686595,  +60.1
Tue,24,Mar,2015,  34783227,  -29.1
Fri,20,Mar,2015,  49054150,  +49.5
Tue,17,Mar,2015,  32812433,  -39.6
Fri,13,Mar,2015,  54354756,  +77.1
Tue,10,Mar,2015,  30698699,  -64.0
Fri, 6,Mar,2015,  85281690, +102.3
Tue, 3,Mar,2015,  42157093,  -28.1
Fri,27,Feb,2015,  58637704,  +65.4
Tue,24,Feb,2015,  35447542,  -28.3
Fri,20,Feb,2015,  49464715,  +50.1
Tue,17,Feb,2015,  32964519,  -39.0
Fri,13,Feb,2015,  54039721,  +75.1
Tue,10,Feb,2015,  30866484,  -29.3
Fri, 6,Feb,2015,  43655474,  +42.3
Tue, 3,Feb,2015,  30687586,  -36.6
Fri,30,Jan,2015,  48415993,  +54.0
Tue,27,Jan,2015,  31439329,  -29.3
Fri,23,Jan,2015,  44447427,  +32.3
Tue,20,Jan,2015,  33603759,  -32.9
Fri,16,Jan,2015,  50102374,  +46.6
Tue,13,Jan,2015,  34171423,  -30.7
Fri, 9,Jan,2015,  49329486,  +52.8
Tue, 6,Jan,2015,  32275503,  -26.0
Fri, 2,Jan,2015,  43637857,  +21.6
Tue,30,Dec,2014,  35876223,  -28.5
Fri,26,Dec,2014,  50142820,  +37.2
Tue,23,Dec,2014,  36546511,  -23.8
Fri,19,Dec,2014,  47978222,  +30.3
Tue,16,Dec,2014,  36815807,  -28.2
Fri,12,Dec,2014,  51296280,  +52.2
Tue, 9,Dec,2014,  33701733,  -32.5
Fri, 5,Dec,2014,  49955121,  +15.5
Tue, 2,Dec,2014,  43260249,  -33.4
Fri,28,Nov,2014,  64931845,  +60.4
Tue,25,Nov,2014,  40486261,  -23.2
Fri,21,Nov,2014,  52689076,  +48.1
Tue,18,Nov,2014,  35585037,  -31.0
Fri,14,Nov,2014,  51544049,  +60.9
Tue,11,Nov,2014,  32032602,  -39.5
Fri, 7,Nov,2014,  52928041,  +49.6
Tue, 4,Nov,2014,  35371353,  -39.1
Fri,31,Oct,2014,  58127888,  +58.8
Tue,28,Oct,2014,  36611443,  -69.2
Fri,24,Oct,2014, 119056328,  +35.7
Tue,21,Oct,2014,  87736154,  -13.2
Fri,17,Oct,2014, 101053366,  +43.3
Tue,14,Oct,2014,  70503366,  -17.3
Fri,10,Oct,2014,  85266437,  +42.9
Tue, 7,Oct,2014,  59655684,  -31.6
Fri, 3,Oct,2014,  87171695, +149.9
Tue,30,Sep,2014,  34889141,  -33.7
Fri,26,Sep,2014,  52594216,  +50.1
Tue,23,Sep,2014,  35049479,  -41.3
Fri,19,Sep,2014,  59718209,  +42.7
Tue,16,Sep,2014,  41835995,  -24.6
Fri,12,Sep,2014,  55494150,  +47.7
Tue, 9,Sep,2014,  37564543,  -24.0
Fri, 5,Sep,2014,  49459368,  +46.5
Tue, 2,Sep,2014,  33767292,  -28.4
Fri,29,Aug,2014,  47162884,  +49.6
Tue,26,Aug,2014,  31523819,  -29.6
Fri,22,Aug,2014,  44755483,  +21.4
Tue,19,Aug,2014,  36870806,  -19.9
Fri,15,Aug,2014,  46041677,  +35.2
Tue,12,Aug,2014,  34042347,  -28.2
Fri, 8,Aug,2014,  47386099,  +47.8
Tue, 5,Aug,2014,  32063410,  -29.0
Fri, 1,Aug,2014,  45178529,  +33.9
Tue,29,Jul,2014,  33734264,  -27.8
Fri,25,Jul,2014,  46719185,  +47.7
Tue,22,Jul,2014,  31638166,  -30.0
Fri,18,Jul,2014,  45208226,  +16.8
Tue,15,Jul,2014,  38696300,  -27.8
Fri,11,Jul,2014,  53568044,  +48.2
Tue, 8,Jul,2014,  36143373,  -29.1
Fri, 4,Jul,2014,  50970664,  +47.6
Tue, 1,Jul,2014,  34526647,  -29.9
Fri,27,Jun,2014,  49279449,  +57.6
Tue,24,Jun,2014,  31272176,  -37.3
Fri,20,Jun,2014,  49836984,  +47.1
Tue,17,Jun,2014,  33883589,  -63.6
Fri,13,Jun,2014,  93211818,  +56.9
Tue,10,Jun,2014,  59391041,  -34.8
Fri, 6,Jun,2014,  91076501,  +78.1
Tue, 3,Jun,2014,  51141261,  -15.3
Fri,30,May,2014,  60377336,  +54.7
Tue,27,May,2014,  39026208,  -27.3
Fri,23,May,2014,  53693684,  +49.7
Tue,20,May,2014,  35856049,  -30.3
Fri,16,May,2014,  51442313,  +47.3
Tue,13,May,2014,  34929014,  -29.8
Fri, 9,May,2014,  49730147,  +53.4
Tue, 6,May,2014,  32411740,  -49.7
Fri, 2,May,2014,  64399305,  +44.7
Tue,29,Apr,2014,  44498580,  -22.4
Fri,25,Apr,2014,  57371925,  +58.0
Tue,22,Apr,2014,  36309697,  -31.3
Fri,18,Apr,2014,  52871638,  +44.9
Tue,15,Apr,2014,  36497838,  -34.6
Fri,11,Apr,2014,  55804084,  +62.8
Tue, 8,Apr,2014,  34278780,  -32.4
Fri, 4,Apr,2014,  50716165,  +50.9
Tue, 1,Apr,2014,  33611421,  -37.0
Fri,28,Mar,2014,  53377602,  +56.5
Tue,25,Mar,2014,  34114068,  -37.8
Fri,21,Mar,2014,  54859513,  +54.2
Tue,18,Mar,2014,  35565949,  -60.2
Fri,14,Mar,2014,  89468215,  +40.2
Tue,11,Mar,2014,  63796675,  -32.2
Fri, 7,Mar,2014,  94091844, +173.6
Tue, 4,Mar,2014,  34388202,  -37.3
Fri,28,Feb,2014,  54815898,  +53.7
Tue,25,Feb,2014,  35664712,  -30.7
Fri,21,Feb,2014,  51466522,  +53.7
Tue,18,Feb,2014,  33477263,  -38.0
Fri,14,Feb,2014,  53987911,  +58.1
Tue,11,Feb,2014,  34150010,  -36.3
Fri, 7,Feb,2014,  53576005,  +52.9
Tue, 4,Feb,2014,  35044958,  -44.2
Fri,31,Jan,2014,  62799901,  +51.1
Tue,28,Jan,2014,  41575073,  -28.4
Fri,24,Jan,2014,  58076758,  +48.9
Tue,21,Jan,2014,  38997840,  -29.6
Fri,17,Jan,2014,  55376030,  +45.4
Tue,14,Jan,2014,  38093021,  -32.3
Fri,10,Jan,2014,  56273579,  -23.4
Tue, 7,Jan,2014,  73507810,   -7.0
Fri, 3,Jan,2014,  79003227,   +4.6
Tue,31,Dec,2013,  75555002,  +24.1
Fri,27,Dec,2013,  60874160,  +12.5
Tue,24,Dec,2013,  54114421,  -13.2
Fri,20,Dec,2013,  62370515,  +52.3
Tue,17,Dec,2013,  40942027,  -40.1
Fri,13,Dec,2013,  68305529,  +91.3
Tue,10,Dec,2013,  35697281,  -31.1
Fri, 6,Dec,2013,  51829836,  +57.7
Tue, 3,Dec,2013,  32866307,  -35.9
Fri,29,Nov,2013,  51293094,  +43.9
Tue,26,Nov,2013,  35654976,  -33.9
Fri,22,Nov,2013,  53975906,  +57.0
Tue,19,Nov,2013,  34376225,  -66.7
Fri,15,Nov,2013, 103353304, +205.6
Tue,12,Nov,2013,  33823804,  -33.3
Fri, 8,Nov,2013,  50684530,  +46.7
Tue, 5,Nov,2013,  34560771,  -26.8
Fri, 1,Nov,2013,  47190193,  +40.5
Tue,29,Oct,2013,  33584061,  -38.0
Fri,25,Oct,2013,  54203725,  +55.7
Tue,22,Oct,2013,  34808419,  -32.9
Fri,18,Oct,2013,  51879614,  +29.0
Tue,15,Oct,2013,  40201468,  -30.2
Fri,11,Oct,2013,  57609643,  +54.1
Tue, 8,Oct,2013,  37375132,  -32.0
Fri, 4,Oct,2013,  54988941,  +57.2
Tue, 1,Oct,2013,  34987244,  -44.0
Fri,27,Sep,2013,  62488885,  +52.7
Tue,24,Sep,2013,  40917156,  -30.3
Fri,20,Sep,2013,  58689545,  +53.6
Tue,17,Sep,2013,  38198926,  -42.7
Fri,13,Sep,2013,  66698802,  +88.0
Tue,10,Sep,2013,  35484130,  -36.5
Fri, 6,Sep,2013,  55917294,  +55.4
Tue, 3,Sep,2013,  35988928,  -36.6
Fri,30,Aug,2013,  56769608,  +53.9
Tue,27,Aug,2013,  36891398,  -50.6
Fri,23,Aug,2013,  74656143,  +53.7
Tue,20,Aug,2013,  48586113,  -21.7
Fri,16,Aug,2013,  62018548,  +42.1
Tue,13,Aug,2013,  43636044,  -28.1
Fri, 9,Aug,2013,  60656614,  +50.8
Tue, 6,Aug,2013,  40222511,  -29.6
Fri, 2,Aug,2013,  57153146,  +52.4
Tue,30,Jul,2013,  37512480,  -54.1
Fri,26,Jul,2013,  81757261, +130.9
Tue,23,Jul,2013,  35405972,  -34.8
Fri,19,Jul,2013,  54303846,  +41.1
Tue,16,Jul,2013,  38474146,  -31.1
Fri,12,Jul,2013,  55862131,  +37.6
Tue, 9,Jul,2013,  40607390,  -31.5
Fri, 5,Jul,2013,  59316792,  +51.4
Tue, 2,Jul,2013,  39186105,  -37.3
Fri,28,Jun,2013,  62541271,  -39.5
Tue,25,Jun,2013, 103361593,  -11.1
Fri,21,Jun,2013, 116248935,  +42.1
Tue,18,Jun,2013,  81802530,  -16.8
Fri,14,Jun,2013,  98343167,  +43.3
Tue,11,Jun,2013,  68633066,  -32.2
Fri, 7,Jun,2013, 101209916, +159.4
Tue, 4,Jun,2013,  39011218,  -38.6
Fri,31,May,2013,  63490576,  +19.7
Tue,28,May,2013,  53041988,  -27.7
Fri,24,May,2013,  73351667,  +62.0
Tue,21,May,2013,  45265629,  -29.9
Fri,17,May,2013,  64537773,  +53.9
Tue,14,May,2013,  41947588,  -26.6
Fri,10,May,2013,  57163168,  +54.5
Tue, 7,May,2013,  36993435,  -32.0
Fri, 3,May,2013,  54402098,  +52.7
Tue,30,Apr,2013,  35623524,  -36.9
Fri,26,Apr,2013,  56438674,  +56.9
Tue,23,Apr,2013,  35970045,  -34.8
Fri,19,Apr,2013,  55193390,  +54.4
Tue,16,Apr,2013,  35756448,  -40.5
Fri,12,Apr,2013,  60087568,  +62.1
Tue, 9,Apr,2013,  37073395,  -39.5
Fri, 5,Apr,2013,  61242673,  +66.1
Tue, 2,Apr,2013,  36870576,  -63.4
Fri,29,Mar,2013, 100702097,  +41.3
Tue,26,Mar,2013,  71263820,  -33.3
Fri,22,Mar,2013, 106786977, +186.9
Tue,19,Mar,2013,  37222823,  -33.7
Fri,15,Mar,2013,  56177092,  +56.9
Tue,12,Mar,2013,  35810951,  -43.4
Fri, 8,Mar,2013,  63235656,  +59.2
Tue, 5,Mar,2013,  39715593,  -32.6
Fri, 1,Mar,2013,  58882739,  +59.0
Tue,26,Feb,2013,  37021757,  -33.3
Fri,22,Feb,2013,  55478711,  +23.6
Tue,19,Feb,2013,  44871264,  -29.4
Fri,15,Feb,2013,  63519017,  +61.2
Tue,12,Feb,2013,  39398238,  -32.2
Fri, 8,Feb,2013,  58079917,  +53.9
Tue, 5,Feb,2013,  37728809,  -33.7
Fri, 1,Feb,2013,  56924777,  +59.3
Tue,29,Jan,2013,  35737962,  -40.8
Fri,25,Jan,2013,  60342632,  +59.7
Tue,22,Jan,2013,  37784846,  -33.4
Fri,18,Jan,2013,  56696784,  +57.5
Tue,15,Jan,2013,  35990266,  -40.6
Fri,11,Jan,2013,  60569432,  +58.7
Tue, 8,Jan,2013,  38163826,  -31.4
Fri, 4,Jan,2013,  55672203,   -2.7
Tue, 1,Jan,2013,  57211099,   -4.5
Fri,28,Dec,2012,  59922826,   +1.4
Tue,25,Dec,2012,  59074684,  -26.6
Fri,21,Dec,2012,  80443647,  +64.5
Tue,18,Dec,2012,  48894568,  -27.4
Fri,14,Dec,2012,  67306858,  +54.0
Tue,11,Dec,2012,  43703107,  -29.1
Fri, 7,Dec,2012,  61639032,  +50.6
Tue, 4,Dec,2012,  40924534,  -31.9
Fri,30,Nov,2012,  60098312,  +59.1
Tue,27,Nov,2012,  37777529,  -33.4
Fri,23,Nov,2012,  56751336,  +45.3
Tue,20,Nov,2012,  39051480,  -35.1
Fri,16,Nov,2012,  60129023,  -29.3
Tue,13,Nov,2012,  85005491,  -15.9
Fri, 9,Nov,2012, 101075619,  +48.8
Tue, 6,Nov,2012,  67929009,  -18.5
Fri, 2,Nov,2012,  83313433,  +48.9
Tue,30,Oct,2012,  55965055,  -23.5
Fri,26,Oct,2012,  73181128,  +59.6
Tue,23,Oct,2012,  45855523,  -31.4
Fri,19,Oct,2012,  66799306,  +62.4
Tue,16,Oct,2012,  41133170,  -33.1
Fri,12,Oct,2012,  61515146,  +61.2
Tue, 9,Oct,2012,  38167891,  -36.3
Fri, 5,Oct,2012,  59922862,  +66.0
Tue, 2,Oct,2012,  36106459,  -63.2
Fri,28,Sep,2012,  98048001, +163.4
Tue,25,Sep,2012,  37217684,  -35.4
Fri,21,Sep,2012,  57618404,  +67.6
Tue,18,Sep,2012,  34378029,  -41.3
Fri,14,Sep,2012,  58577405,  +66.7
Tue,11,Sep,2012,  35143113,  -43.6
Fri, 7,Sep,2012,  62271600,  +59.8
Tue, 4,Sep,2012,  38975088,  -34.3
Fri,31,Aug,2012,  59341891,  +66.3
Tue,28,Aug,2012,  35690094,  -43.0
Fri,24,Aug,2012,  62570288,  +57.8
Tue,21,Aug,2012,  39646797,  -32.3
Fri,17,Aug,2012,  58601668,  +48.6
Tue,14,Aug,2012,  39427873,  -74.9
Fri,10,Aug,2012, 157204057,  +38.8
Tue, 7,Aug,2012, 113241606,   -0.8
Fri, 3,Aug,2012, 114180343,  +51.1
Tue,31,Jul,2012,  75575623,  -47.5
Fri,27,Jul,2012, 143853392, +172.9
Tue,24,Jul,2012,  52707302,  -29.9
Fri,20,Jul,2012,  75212316,  +64.2
Tue,17,Jul,2012,  45792583,  -39.4
Fri,13,Jul,2012,  75581986,  +85.1
Tue,10,Jul,2012,  40828697,  -32.5
Fri, 6,Jul,2012,  60503942,  +59.5
Tue, 3,Jul,2012,  37927916,  -34.0
Fri,29,Jun,2012,  57456653,  +66.6
Tue,26,Jun,2012,  34480446,  -37.3
Fri,22,Jun,2012,  55027213,  +60.3
Tue,19,Jun,2012,  34328352,  -42.4
Fri,15,Jun,2012,  59600627,  +62.5
Tue,12,Jun,2012,  36667823,  -68.5
Fri, 8,Jun,2012, 116517315,  +54.0
Tue, 5,Jun,2012,  75676881,  -21.0
Fri, 1,Jun,2012,  95851835,  +69.9
Tue,29,May,2012,  56424800,  -24.4
Fri,25,May,2012,  74654014,  +61.9
Tue,22,May,2012,  46121154,  -34.4
Fri,18,May,2012,  70356761,  +84.5
Tue,15,May,2012,  38144064,  -34.4
Fri,11,May,2012,  58121867,  +75.4
Tue, 8,May,2012,  33137624,  -40.5
Fri, 4,May,2012,  55659426,  +92.2
Tue, 1,May,2012,  28959472,  -50.8
Fri,27,Apr,2012,  58846297,  +68.3
Tue,24,Apr,2012,  34961829,  -38.2
Fri,20,Apr,2012,  56535841,  +73.9
Tue,17,Apr,2012,  32502210,  -55.8
Fri,13,Apr,2012,  73511660, +110.6
Tue,10,Apr,2012,  34912478,  -38.7
Fri, 6,Apr,2012,  56929860,  +62.8
Tue, 3,Apr,2012,  34962811,  -36.6
Fri,30,Mar,2012,  55132195,  +70.6
Tue,27,Mar,2012,  32319337,  -44.3
Fri,23,Mar,2012,  58006947,  +78.0
Tue,20,Mar,2012,  32583064,  -47.6
Fri,16,Mar,2012,  62135122,  +63.5
Tue,13,Mar,2012,  38013240,  -36.9
Fri, 9,Mar,2012,  60237505,  +75.5
Tue, 6,Mar,2012,  34327878,  -43.5
Fri, 2,Mar,2012,  60710825,  +72.5
Tue,28,Feb,2012,  35194615,  -49.0
Fri,24,Feb,2012,  68965662,  +73.5
Tue,21,Feb,2012,  39738263,  -35.9
Fri,17,Feb,2012,  61989414,  +60.8
Tue,14,Feb,2012,  38540306,  -34.9
Fri,10,Feb,2012,  59212442,  +39.7
Tue, 7,Feb,2012,  42381203,  -34.0
Fri, 3,Feb,2012,  64209086,  +73.1
Tue,31,Jan,2012,  37085267,  -39.3
Fri,27,Jan,2012,  61090361,  +80.0
Tue,24,Jan,2012,  33947790,  -47.3
Fri,20,Jan,2012,  64389804,  +69.9
Tue,17,Jan,2012,  37893180,  -48.5
Fri,13,Jan,2012,  73532368, +103.0
Tue,10,Jan,2012,  36226991,  -47.0
Fri, 6,Jan,2012,  68393431,  +62.4
Tue, 3,Jan,2012,  42114575,  -41.0
Fri,30,Dec,2011,  71397782,  +88.0
Tue,27,Dec,2011,  37982243,  -54.3
Fri,23,Dec,2011,  83041802, +131.8
Tue,20,Dec,2011,  35819870,  -44.6
Fri,16,Dec,2011,  64701487,  +64.9
Tue,13,Dec,2011,  39248176,  -37.8
Fri, 9,Dec,2011,  63142994,  +78.3
Tue, 6,Dec,2011,  35419282,  -45.6
Fri, 2,Dec,2011,  65120349,  +82.6
Tue,29,Nov,2011,  35655702,  -49.6
Fri,25,Nov,2011,  70700124,  +89.6
Tue,22,Nov,2011,  37287646,  -38.0
Fri,18,Nov,2011,  60145413,  +66.6
Tue,15,Nov,2011,  36112371,  -50.1
Fri,11,Nov,2011,  72350396,  +65.2
Tue, 8,Nov,2011,  43783770,  -35.3
Fri, 4,Nov,2011,  67666634,  +87.3
Tue, 1,Nov,2011,  36126559,  -45.2
Fri,28,Oct,2011,  65880280,  +76.3
Tue,25,Oct,2011,  37363566,  -45.9
Fri,21,Oct,2011,  69066495,  +61.8
Tue,18,Oct,2011,  42686189,  -37.7
Fri,14,Oct,2011,  68505463,  +64.4
Tue,11,Oct,2011,  41671356,  -56.2
Fri, 7,Oct,2011,  95147500,  +30.4
Tue, 4,Oct,2011,  72941130,   +3.8
Fri,30,Sep,2011,  70248936,  +60.4
Tue,27,Sep,2011,  43809558,  -35.5
Fri,23,Sep,2011,  67917835,  +70.0
Tue,20,Sep,2011,  39956719,  -42.3
Fri,16,Sep,2011,  69305728,  -14.2
Tue,13,Sep,2011,  80773109,  -24.5
Fri, 9,Sep,2011, 107041058,  +65.6
Tue, 6,Sep,2011,  64642454,  -31.3
Fri, 2,Sep,2011,  94074369,  +79.4
Tue,30,Aug,2011,  52447622,  -33.4
Fri,26,Aug,2011,  78778936,  +72.4
Tue,23,Aug,2011,  45687342,  -34.4
Fri,19,Aug,2011,  69688239,  +74.5
Tue,16,Aug,2011,  39926692,  -40.6
Fri,12,Aug,2011,  67204577,  +67.2
Tue, 9,Aug,2011,  40205633,  -37.8
Fri, 5,Aug,2011,  64648806,  +73.4
Tue, 2,Aug,2011,  37289526,  -44.7
Fri,29,Jul,2011,  67443679,  +71.9
Tue,26,Jul,2011,  39225680,  -41.7
Fri,22,Jul,2011,  67300688,  +50.5
Tue,19,Jul,2011,  44704958,  -39.0
Fri,15,Jul,2011,  73260713,  -42.4
Tue,12,Jul,2011, 127201579,  -26.5
Fri, 8,Jul,2011, 172992375,  +55.1
Tue, 5,Jul,2011, 111542997,  -12.3
Fri, 1,Jul,2011, 127210511,  +68.4
Tue,28,Jun,2011,  75541846,  -22.6
Fri,24,Jun,2011,  97632854,  +65.5
Tue,21,Jun,2011,  59008255,  -31.5
Fri,17,Jun,2011,  86104409,  +88.2
Tue,14,Jun,2011,  45763029,  -41.0
Fri,10,Jun,2011,  77519048,  +64.8
Tue, 7,Jun,2011,  47029907,  -32.4
Fri, 3,Jun,2011,  69566619,  +93.5
Tue,31,May,2011,  35943290,  -46.4
Fri,27,May,2011,  67010626, +100.2
Tue,24,May,2011,  33469539,  -51.4
Fri,20,May,2011,  68934069,  +90.1
Tue,17,May,2011,  36267822,  -68.4
Fri,13,May,2011, 114951117,  +62.2
Tue,10,May,2011,  70859340,   -6.1
Fri, 6,May,2011,  75470600,   +4.8
Fri,29,Apr,2011,  72018914,   -7.4
Fri,22,Apr,2011,  77740097,   -1.9
Fri,15,Apr,2011,  79276262,   +3.3
Fri, 8,Apr,2011,  76767581,   -6.5
Fri, 1,Apr,2011,  82125931,  -51.5
Fri,25,Mar,2011, 169202113,  +25.2
Fri,18,Mar,2011, 135178080,  +19.8
Fri,11,Mar,2011, 112872380,  +17.7
Fri, 4,Mar,2011,  95930416,  +15.8
Fri,25,Feb,2011,  82841994,  +15.6
Fri,18,Feb,2011,  71679157,   +2.2
Fri,11,Feb,2011,  70120861,   -4.4
Fri, 4,Feb,2011,  73382482,   +1.9
Fri,28,Jan,2011,  72021205,   -3.4
Fri,21,Jan,2011,  74563891,   +6.3
Fri,14,Jan,2011,  70153677,   +3.1
Fri, 7,Jan,2011,  68019657,  -17.4
Fri,31,Dec,2010,  82366340,  -19.2
Fri,24,Dec,2010, 101886777,  +27.7
Fri,17,Dec,2010,  79758287,  +10.9
Fri,10,Dec,2010,  71923217,   +3.5
Fri, 3,Dec,2010,  69475826,  -13.5
Fri,26,Nov,2010,  80282415,   +6.5
Fri,19,Nov,2010,  75349588,  -12.1
Fri,12,Nov,2010,  85729063,  +11.9
Fri, 5,Nov,2010,  76585131,   +4.9
Fri,29,Oct,2010,  73038027,   -9.1
Fri,22,Oct,2010,  80362022,   +4.4
Fri,15,Oct,2010,  76992639,  -52.6
Fri, 8,Oct,2010, 162324080,   +9.8
Fri, 1,Oct,2010, 147898430, +102.8
Fri,24,Sep,2010,  72937136,  +15.7
Fri,17,Sep,2010,  63050317,   -2.5
Fri,10,Sep,2010,  64637116,   +0.3
Fri, 3,Sep,2010,  64462009,   +3.4
Fri,27,Aug,2010,  62312933,   +2.4
Fri,20,Aug,2010,  60824169,  -16.9
Fri,13,Aug,2010,  73195166,  +13.8
Fri, 6,Aug,2010,  64335077,   -5.7
Fri,30,Jul,2010,  68202207,   +4.6
Fri,23,Jul,2010,  65201305,  -13.1
Fri,16,Jul,2010,  75012704,   +9.3
Fri, 9,Jul,2010,  68603665,   +8.1
Fri, 2,Jul,2010,  63488055,   -5.2
Fri,25,Jun,2010,  66974923,   +2.2
Fri,18,Jun,2010,  65520322,   -1.5
Fri,11,Jun,2010,  66488004,   +0.3
Fri, 4,Jun,2010,  66310389,   -5.2
Fri,28,May,2010,  69953522,   -3.8
Fri,21,May,2010,  72739970,  -35.0
Fri,14,May,2010, 111937739,  +12.1
Fri, 7,May,2010,  99832365,  +10.3
Fri,30,Apr,2010,  90486352,  +12.2
Fri,23,Apr,2010,  80644364,   +5.8
Fri,16,Apr,2010,  76255301,   +6.0
Fri, 9,Apr,2010,  71916884,   -1.5
Fri, 2,Apr,2010,  73041474,  -14.3
Fri,26,Mar,2010,  85247902,   +6.4
Fri,19,Mar,2010,  80139043,   +0.9
Fri,12,Mar,2010,  79425377,  -12.6
Fri, 5,Mar,2010,  90864394,   +7.4
Fri,26,Feb,2010,  84631302,   +6.2
Fri,19,Feb,2010,  79690863,  -50.2
Fri,12,Feb,2010, 159976405,   +9.7
Fri, 5,Feb,2010, 145848414,  +88.6
Fri,29,Jan,2010,  77328718,   +5.5
Fri,22,Jan,2010,  73264607,  -19.1
Fri,15,Jan,2010,  90588423,  +10.8
Fri, 8,Jan,2010,  81778269,   +9.5
Fri, 1,Jan,2010,  74689905,   +8.0
Fri,25,Dec,2009,  69177318,  -20.4
Fri,18,Dec,2009,  86945707,   +4.4
Fri,11,Dec,2009,  83264863,   +4.6
Fri, 4,Dec,2009,  79565978,   +2.6
Fri,27,Nov,2009,  77584179,   -0.7
Fri,20,Nov,2009,  78143457,  -15.7
Fri,13,Nov,2009,  92746750,  -26.6
Fri, 6,Nov,2009, 126383602,  +19.7
Fri,30,Oct,2009, 105598642,  +11.8
Fri,23,Oct,2009,  94495015,   +8.9
Fri,16,Oct,2009,  86781753,   +6.1
Fri, 9,Oct,2009,  81791546,   +5.6
Fri, 2,Oct,2009,  77432065,   -1.5
Fri,25,Sep,2009,  78639443,  -46.5
Fri,18,Sep,2009, 147108027,  +83.3
Fri,11,Sep,2009,  80264807,   +8.7
Fri, 4,Sep,2009,  73870512,   +3.9
Fri,28,Aug,2009,  71072875,  -26.6
Fri,21,Aug,2009,  96870444,  +16.8
Fri,14,Aug,2009,  82924265,  +11.7
Fri, 7,Aug,2009,  74206235,   +6.7
Fri,31,Jul,2009,  69524038,   +3.6
Fri,24,Jul,2009,  67129837,  -19.0
Fri,17,Jul,2009,  82896661,   +8.6
Fri,10,Jul,2009,  76355138,   +9.2
Fri, 3,Jul,2009,  69923973,   +5.2
Fri,26,Jun,2009,  66465735,   -2.2
Fri,19,Jun,2009,  67929388,  -19.9
Fri,12,Jun,2009,  84789995,   +7.0
Fri, 5,Jun,2009,  79258675,   +7.7
Fri,29,May,2009,  73568840,   +4.4
Fri,22,May,2009,  70450771,   -6.0
Fri,15,May,2009,  74953234,  -51.4
Fri, 8,May,2009, 154173071,  +26.8
Fri, 1,May,2009, 121557827,  +16.2
Fri,24,Apr,2009, 104584901,  +16.7
Fri,17,Apr,2009,  89636612,  +13.8
Fri,10,Apr,2009,  78790337,   +3.6
Fri, 3,Apr,2009,  76040987,   +1.9
Fri,27,Mar,2009,  74607722,   -7.7
Fri,20,Mar,2009,  80859729,  -12.9
Fri,13,Mar,2009,  92865455,  -44.5
Fri, 6,Mar,2009, 167334754, +102.2
Fri,27,Feb,2009,  82752850,  +13.1
Fri,20,Feb,2009,  73169531,   -8.9
Fri,13,Feb,2009,  80336629,  +19.1
Fri, 6,Feb,2009,  67464625,  -10.3
Fri,30,Jan,2009,  75249301,   +2.9
Fri,23,Jan,2009,  73111975,   +1.2
Fri,16,Jan,2009,  72244724,  -22.7
Fri, 9,Jan,2009,  93465015,  +14.2
Fri, 2,Jan,2009,  81841421,  +15.8
Fri,26,Dec,2008,  70651163,   -2.0
Fri,19,Dec,2008,  72118199,   +4.3
Fri,12,Dec,2008,  69158900,   +4.2
Fri, 5,Dec,2008,  66401781,   -1.6
Fri,28,Nov,2008,  67472395,   +3.9
Fri,21,Nov,2008,  64917007,   -3.4
Fri,14,Nov,2008,  67181196,   +3.7
Fri, 7,Nov,2008,  64770454,  -10.5
Fri,31,Oct,2008,  72334937,   +9.9
Fri,24,Oct,2008,  65839599,   +5.7
Fri,17,Oct,2008,  62290439,  -10.1
Fri,10,Oct,2008,  69302880,   +2.7
Fri, 3,Oct,2008,  67499414,  -59.3
Fri,26,Sep,2008, 166016039, +153.5
Fri,19,Sep,2008,  65493184,   -2.0
Fri,12,Sep,2008,  66814645,  -53.0
Fri, 5,Sep,2008, 142125988,  +37.8
Fri,29,Aug,2008, 103122346,  +24.3
Fri,22,Aug,2008,  82980853,  +22.4
Fri,15,Aug,2008,  67811396,   +3.9
Fri, 8,Aug,2008,  65266864,  +10.4
Fri, 1,Aug,2008,  59134637,   +5.7
Fri,25,Jul,2008,  55942903,   -2.8
Fri,18,Jul,2008,  57575524,   -0.7
Fri,11,Jul,2008,  57983385,   -0.2
Fri, 4,Jul,2008,  58096350,  -21.5
Fri,27,Jun,2008,  73979532,  +11.8
Fri,20,Jun,2008,  66194279,  -10.3
Fri,13,Jun,2008,  73754439,  +25.5
Fri, 6,Jun,2008,  58762097,   +1.8
Fri,30,May,2008,  57750445,   -2.4
Fri,23,May,2008,  59191615,  -20.8
Fri,16,May,2008,  74735405,  +13.0
Fri, 9,May,2008,  66127739,  +10.1
Fri, 2,May,2008,  60041450,   +1.8
Fri,25,Apr,2008,  58990299,  -25.7
Fri,18,Apr,2008,  79414038,  +10.2
Fri,11,Apr,2008,  72032685,  +12.1
Fri, 4,Apr,2008,  64235057,   +7.4
Fri,28,Mar,2008,  59823293,   +6.9
Fri,21,Mar,2008,  55977462,  -13.0
Fri,14,Mar,2008,  64337924,   +7.4
Fri, 7,Mar,2008,  59889113,   -4.4
Fri,29,Feb,2008,  62636858,   -4.6
Fri,22,Feb,2008,  65649918,   +2.6
Fri,15,Feb,2008,  64014811,  -62.9
Fri, 8,Feb,2008, 172700278, +173.8
Fri, 1,Feb,2008,  63082353,  -29.0
Fri,25,Jan,2008,  88906659,  +13.8
Fri,18,Jan,2008,  78141312,  +19.4
Fri,11,Jan,2008,  65420914,  +17.2
Fri, 4,Jan,2008,  55827020,   +3.9
Fri,28,Dec,2007,  53713949,   -7.0
Fri,21,Dec,2007,  57766391,   +9.2
Fri,14,Dec,2007,  52919839,   -6.3
Fri, 7,Dec,2007,  56462369,   +7.1
Fri,30,Nov,2007,  52722448,   -5.7
Fri,23,Nov,2007,  55885211,   +5.8
Fri,16,Nov,2007,  52816102,   +1.1
Fri, 9,Nov,2007,  52256377,  -11.3
Fri, 2,Nov,2007,  58928656,   +6.3
Fri,26,Oct,2007,  55447592,   +5.6
Fri,19,Oct,2007,  52489597,   -2.1
Fri,12,Oct,2007,  53623278,   -3.3
Fri, 5,Oct,2007,  55428551,  -61.8
Fri,28,Sep,2007, 144928397, +170.4
Fri,21,Sep,2007,  53588549,   +8.6
Fri,14,Sep,2007,  49350385,   -0.5
Fri, 7,Sep,2007,  49600879,   -7.8
Fri,31,Aug,2007,  53822557,   +8.2
Fri,24,Aug,2007,  49740204,   +6.1
Fri,17,Aug,2007,  46885121,  -17.1
Fri,10,Aug,2007,  56562376,   +7.2
Fri, 3,Aug,2007,  52772432,   +6.5
Fri,27,Jul,2007,  49550249,   +2.9
Fri,20,Jul,2007,  48154728,  -33.6
Fri,13,Jul,2007,  72502144,  +30.4
Fri, 6,Jul,2007,  55596895,  +11.3
Fri,29,Jun,2007,  49962305,   +5.9
Fri,22,Jun,2007,  47186600,   -7.0
Fri,15,Jun,2007,  50732846,   +6.0
Fri, 8,Jun,2007,  47851453,   -2.2
Fri, 1,Jun,2007,  48913016,   +0.7
Fri,25,May,2007,  48594133,   -0.1
Fri,18,May,2007,  48622436,  -17.4
Fri,11,May,2007,  58851858,   +7.8
Fri, 4,May,2007,  54601741,   +7.5
Fri,27,Apr,2007,  50791361,   +4.5
Fri,20,Apr,2007,  48586255,  -18.9
Fri,13,Apr,2007,  59937423,  +17.5
Fri, 6,Apr,2007,  51009027,   +0.1
Fri,30,Mar,2007,  50973270,   -9.9
Fri,23,Mar,2007,  56604325,   +3.6
Fri,16,Mar,2007,  54638825,   +1.7
Fri, 9,Mar,2007,  53701365,  -10.0
Fri, 2,Mar,2007,  59649713,   +7.2
Fri,23,Feb,2007,  55648368,   +1.8
Fri,16,Feb,2007,  54657633,  -50.0
Fri, 9,Feb,2007, 109336272,  +98.1
Fri, 2,Feb,2007,  55184951,   +8.6
Fri,26,Jan,2007,  50795595,   -2.4
Fri,19,Jan,2007,  52051048,   -4.5
Fri,12,Jan,2007,  54482609,  -21.9
Fri, 5,Jan,2007,  69722796,   +4.3
Fri,29,Dec,2006,  66861206,   +4.1
Fri,22,Dec,2006,  64207257,   +8.5
Fri,15,Dec,2006,  59176639,   +6.8
Fri, 8,Dec,2006,  55432893,   -5.6
Fri, 1,Dec,2006,  58726259,   -5.6
Fri,24,Nov,2006,  62228374,  -65.6
Fri,17,Nov,2006, 180759298,  +33.5
Fri,10,Nov,2006, 135353600,  +21.2
Fri, 3,Nov,2006, 111699553,  +11.2
Fri,27,Oct,2006, 100475315,  +16.4
Fri,20,Oct,2006,  86309254,   +3.6
Fri,13,Oct,2006,  83280198,  +34.3
Fri, 6,Oct,2006,  62012284,  +12.4
Fri,29,Sep,2006,  55180627,   +9.0
Fri,22,Sep,2006,  50631668,   +6.6
Fri,15,Sep,2006,  47494819,   +5.5
Fri, 8,Sep,2006,  45030387,   +4.3
Fri, 1,Sep,2006,  43176207,  -17.6
Fri,25,Aug,2006,  52416874,   +9.1
Fri,18,Aug,2006,  48040461,   +8.2
Fri,11,Aug,2006,  44396666,   +3.1
Fri, 4,Aug,2006,  43057989,   +1.9
Fri,28,Jul,2006,  42240760,   -3.9
Fri,21,Jul,2006,  43951752,   +1.8
Fri,14,Jul,2006,  43180242,  -29.2
Fri, 7,Jul,2006,  61018343,   +7.9
Fri,30,Jun,2006,  56533945,  +10.2
Fri,23,Jun,2006,  51282799,   +9.8
Fri,16,Jun,2006,  46685054,   +3.6
Fri, 9,Jun,2006,  45050089,   +2.1
Fri, 2,Jun,2006,  44109654,   +0.0
Fri,26,May,2006,  44108760,   -3.3
Fri,19,May,2006,  45598333,   -4.3
Fri,12,May,2006,  47648155,   +4.0
Fri, 5,May,2006,  45814799,   -7.3
Fri,28,Apr,2006,  49442418,   +4.7
Fri,21,Apr,2006,  47232553,   -4.5
Fri,14,Apr,2006,  49438160,   -4.7
Fri, 7,Apr,2006,  51870873,  -23.5
Fri,31,Mar,2006,  67775741,   +4.8
Fri,24,Mar,2006,  64684829,   +4.2
Fri,17,Mar,2006,  62080678,   +6.8
Fri,10,Mar,2006,  58112861,   +5.1
Fri, 3,Mar,2006,  55315231,   +0.8
Fri,24,Feb,2006,  54857543,  -10.8
Fri,17,Feb,2006,  61520982,   -5.3
Fri,10,Feb,2006,  64993265,  -66.1
Fri, 3,Feb,2006, 191594630,  +20.2
Fri,27,Jan,2006, 159342308,  +27.4
Fri,20,Jan,2006, 125099791,  +11.3
Fri,13,Jan,2006, 112412782,  +46.8
Fri, 6,Jan,2006,  76551560,   +9.9
Fri,30,Dec,2005,  69643422,  +12.9
Fri,23,Dec,2005,  61664012,  +20.9
Fri,16,Dec,2005,  50997996,  +10.3
Fri, 9,Dec,2005,  46243501,   +7.2
Fri, 2,Dec,2005,  43141152,   +5.5
Fri,25,Nov,2005,  40896308,   +0.6
Fri,18,Nov,2005,  40649798,  -11.7
Fri,11,Nov,2005,  46056089,   +6.2
Fri, 4,Nov,2005,  43375813,   +6.7
Fri,28,Oct,2005,  40636038,   +4.0
Fri,21,Oct,2005,  39066281,   -3.5
Fri,14,Oct,2005,  40467203,   -3.1
Fri, 7,Oct,2005,  41756568,   -4.3
Fri,30,Sep,2005,  43618825,   +3.2
Fri,23,Sep,2005,  42270819,  -27.3
Fri,16,Sep,2005,  58123470,   +6.0
Fri, 9,Sep,2005,  54834554,   +5.6
Fri, 2,Sep,2005,  51922107,   +7.8
Fri,26,Aug,2005,  48168453,   +8.0
Fri,19,Aug,2005,  44618365,   -0.7
Fri,12,Aug,2005,  44936677,   +0.2
Fri, 5,Aug,2005,  44839860,  -60.1
Fri,29,Jul,2005, 112314111,  +21.5
Fri,22,Jul,2005,  92453367,  +19.3
Fri,15,Jul,2005,  77509362,  +20.5
Fri, 8,Jul,2005,  64331849,  +23.3
Fri, 1,Jul,2005,  52187240,  +23.5
Fri,24,Jun,2005,  42253600,   +7.1
Fri,17,Jun,2005,  39456226,   +9.9
Fri,10,Jun,2005,  35892741,   +6.0
Fri, 3,Jun,2005,  33869883,   +3.8
Fri,27,May,2005,  32632785,  -24.1
Fri,20,May,2005,  43019939,   +3.5
Fri,13,May,2005,  41581258,  +23.7
Fri, 6,May,2005,  33611020,   +5.7
Fri,29,Apr,2005,  31787191,  -11.2
Fri,22,Apr,2005,  35777919,   +2.5
Fri,15,Apr,2005,  34910176,  -45.4
Fri, 8,Apr,2005,  63933616,  +19.5
Fri, 1,Apr,2005,  53520931,  +25.2
Fri,25,Mar,2005,  42754753,  +11.7
Fri,18,Mar,2005,  38273483,   +9.3
Fri,11,Mar,2005,  35004785,  +14.2
Fri, 4,Mar,2005,  30650911,   +9.4
Fri,25,Feb,2005,  28014978,   -2.7
Fri,18,Feb,2005,  28806308,  -22.2
Fri,11,Feb,2005,  37038170,  +14.4
Fri, 4,Feb,2005,  32368373,   +7.7
Fri,28,Jan,2005,  30060968,   +4.3
Fri,21,Jan,2005,  28822345,  -14.6
Fri,14,Jan,2005,  33745555,  +10.9
Fri, 7,Jan,2005,  30423794,   -7.0
Fri,31,Dec,2004,  32725717,   +2.3
Fri,24,Dec,2004,  31995550,   -3.6
Fri,17,Dec,2004,  33178716,   +7.7
Fri,10,Dec,2004,  30794933,   +2.3
Fri, 3,Dec,2004,  30104835,  -35.6
Fri,26,Nov,2004,  46741438,  +30.3
Fri,19,Nov,2004,  35874944,  +23.3
Fri,12,Nov,2004,  29088553,   +7.6
Fri, 5,Nov,2004,  27042196,   +2.7
Fri,29,Oct,2004,  26322082,  -12.8
Fri,22,Oct,2004,  30189787,  +12.9
Fri,15,Oct,2004,  26744888,   +6.3
Fri, 8,Oct,2004,  25169675,   +9.6
Fri, 1,Oct,2004,  22961938,  +18.9
Fri,24,Sep,2004,  19316928,   +5.3
Fri,17,Sep,2004,  18351661,   +6.3
Fri,10,Sep,2004,  17269311,   +8.7
Fri, 3,Sep,2004,  15886031,   +8.8
Fri,27,Aug,2004,  14606334,   +2.0
Fri,20,Aug,2004,  14322013,  -13.9
Fri,13,Aug,2004,  16624764,   -9.8
Fri, 6,Aug,2004,  18438992,   +4.8
Fri,30,Jul,2004,  17595725,  +11.6
Fri,23,Jul,2004,  15767476,   -0.7
Fri,16,Jul,2004,  15882316,   +1.0
Fri, 9,Jul,2004,  15719533,   +5.5
Fri, 2,Jul,2004,  14893470,   +2.7
Fri,25,Jun,2004,  14508750,   -4.2
Fri,18,Jun,2004,  15150553,   -1.1
Fri,11,Jun,2004,  15319327,  -12.0
Fri, 4,Jun,2004,  17404754,   +2.9
Fri,28,May,2004,  16918139,   -4.7
Fri,21,May,2004,  17752102,  -31.2
Fri,14,May,2004,  25785636,  +16.5
Fri, 7,May,2004,  22132251,  +15.4
Fri,30,Apr,2004,  19181069,  +14.9
Fri,23,Apr,2004,  16693844,   +0.1
Fri,16,Apr,2004,  16672591,   -4.2
Fri, 9,Apr,2004,  17404679,   -5.7
Fri, 2,Apr,2004,  18466146,   +4.6
Fri,26,Mar,2004,  17653054,   +6.5
Fri,19,Mar,2004,  16571606,   -4.6
Fri,12,Mar,2004,  17361974,  -11.4
Fri, 5,Mar,2004,  19603604,   +6.0
Fri,27,Feb,2004,  18489198,   -2.7
Fri,20,Feb,2004,  19008273,  -47.1
Fri,13,Feb,2004,  35920432,    0.0